INSERT INTO `productos` VALUES ('Billetera Berlin2','Billeteras',1045,'/images/berlin2.jpg',5),('Billetera Berlin3','Billeteras',556,'/images/berlin3.jpg',5),('Billetera Berlin4','Billeteras',1397,'/images/berlin4.jpg',3),('Billetera Milano1','Billeteras',437,'/images/milano1.jpg',4),('Billetera Milano2','Billeteras',475,'/images/milano2.jpg',5),('Billetera Milano3','Billeteras',342,'/images/milano3.jpg',4),('Billetera Milano4','Billeteras',314,'/images/milano4.jpg',5),('Billetera Oslo1','Billeteras',445,'/images/oslo1.jpg',6),('Billetera Oslo2','Billeteras',714,'/images/oslo2.jpg',5),('Billetera Oslo3','Billeteras',468,'/images/oslo3.jpg',2),('brasil','Billeteras',120,'/images/Brasil.jpg',2),('Emir','Remeras',500,'/images/emiBesos.jpeg',1),('holas','Remeras',9000,'/images/cats.jpg',2),('Remera Camuflaje4','Remeras',210,'/images/camuflaje4.png',4),('Remera ClubMen1','Remeras',286,'/images/clubMen1.png',5),('Remera ClubMen2','Remeras',2223,'/images/clubMen2.png',5),('Remera ClubMen3','Remeras',332,'/images/clubMen3.png',1),('Remera ClubMen4','Remeras',303,'/images/clubMen4.png',3),('Remera HalfPack1','Remeras',450,'/images/halfPack1.png',6),('Remera HalfPack2','Remeras',203,'/images/halfPack2.png',1),('Remera HalfPack3','Remeras',952,'/images/halfPack3.png',8),('Remera HalfPack4','Remeras',68,'/images/halfPack4.png',3);
INSERT INTO `usuarios` VALUES (21066,'wanda sabrina','scarpato','$2b$10$5IyCpKZytANPwb13zPa9leFNeREXJEMPUeXSSLpbz.4BpaBncuT1q','user','elmaiten1@gmail.com','/images/WhatsApp Image 2020-07-20 at 23.01.01.jpeg'),(6164,'vivi','redondo','$2b$10$bqw7zskSgpZ6jCBOruZAJ.eun3GsqTTA2bhkAHVuG1wpyRXKBXMIW','user','elmaiten2@gmail.com','/images/WhatsApp Image 2020-07-21 at 16.44.19.jpeg'),(37028,'Emi','carrizo','$2b$10$Pzyjf/c42FupaPcAbzfkUOwmFXf6tJdHYruqqf38n033gY.URCNKC','user','elmaiten3@gmail.com','/images/emiBesos.jpeg'),(45906,'viviana','redondo','$2b$10$9Jrtz.4bM.nqmuXfy7eKsuvmP7P2cujvd.GV3sJ8TrY.YnIPpmJyC','admin','elmaiten33332@gmail.com','/images/WhatsApp Image 2020-07-21 at 16.44.19.jpeg'),(83055,'Brisa','carrizo','$2b$10$Bqg9Guoj2OjtG4gxWqBgVeEW9zbbk53FWbTdmroyp8kMO4hVPV.Xi','user','elmaiten4@gmail.com','/images/WhatsApp Image 2020-07-21 at 16.44.07.jpeg'),(69954,'viviana','redondo','$2b$10$4lI6ObL8/ONEzhhSSPH6JuMnQkh9oNOS3EaueSCoflvThrAlBq1C.','admin','elmaiten44@gmail.com','/images/WhatsApp Image 2020-07-20 at 23.01.01.jpeg'),(67742,'Mica','scarpato','$2b$10$DR5bXTJH0aD6drgcqka2/uc8E0R2BT878K8EYkMKCzP8EMnaj56zW','user','elmaiten5@gmail.com','/images/WhatsApp Image 2020-07-21 at 16.44.07.jpeg');
INSERT INTO `caracteristicas` VALUES (4,'masculino',38,'no','no','no','algodon',4,4,'si','Remera Camuflaje4','Un buen articulo'),(5,'masculino',34,'no','no','no','algodon',5,5,'no','Remera ClubMen1','Un buen articulo'),(6,'masculino',20,'12','si','12','algodon 2',111,2,'SI','Remera ClubMen2','bla bla blalalaallaallalallallalalalalallallijkmbhjnmvbjnmn m'),(7,'masculino',32,'no','no','no','algodon',7,7,'si','Remera ClubMen3','Un buen articulo'),(8,'masculino',56,'no','no','si','algodon',8,8,'no','Remera ClubMen4','Un buen articulo'),(9,'masculino',38,'no','no','si','algodon',9,9,'no','Remera HalfPack1','Un buen articulo'),(10,'masculino',22,'no','no','si','algodon',10,10,'no','Remera HalfPack2','Un buen articulo'),(11,'masculino',35,'no','no','si','algodon',11,11,'no','Remera HalfPack3','Un buen articulo'),(12,'masculino',10,'10','si','SI','algodon 2',10,10,'si','Remera HalfPack4','sghdjgdj dskmgejy dfjxfehsexgkeiye'),(14,'masculino',35,'si','si','no','cuero',14,14,'si','Billetera Berlin2','Un buen articulo'),(15,'masculino',34,'si','si','si','cuero',15,15,'si','Billetera Berlin3','Un buen articulo'),(16,'masculino',25,'si','no','no','cuero',16,16,'si','Billetera Berlin4','Un buen articulo'),(17,'masculino',28,'si','si','si','cuero',17,17,'si','Billetera Milano1','Un buen articulo'),(18,'masculino',40,'si','si','no','cuero',18,18,'si','Billetera Milano2','Un buen articulo'),(19,'masculino',69,'si','no','si','cuero',19,19,'si','Billetera Milano3','Un buen articulo'),(20,'masculino',93,'si','si','no','cuero',20,20,'no','Billetera Milano4','Un buen articulo'),(21,'masculino',28,'si','si','si','cuero',21,21,'no','Billetera Oslo1','Un buen articulo'),(22,'masculino',27,'si','si','si','cuero',22,22,'no','Billetera Oslo2','Un buen articulo'),(23,'masculino',25,'si','no','si','cuero',23,23,'no','Billetera Oslo3','Un buen articulo');
INSERT INTO `carritos` VALUES (12,'elmaiten44@gmail.com');